                  epoch,         train/box_loss,         train/cls_loss,         train/dfl_loss,   metrics/precision(B),      metrics/recall(B),       metrics/mAP50(B),    metrics/mAP50-95(B),           val/box_loss,           val/cls_loss,           val/dfl_loss,                 lr/pg0,                 lr/pg1,                 lr/pg2
                      0,                 4.3727,                 5.0033,                 4.3249,                      0,                      0,                      0,                      0,                 4.4691,                  5.218,                 4.1465,                 0.0928,                 0.0008,                 0.0008
                      1,                 4.4162,                 4.9718,                 4.2909,                      0,                      0,                      0,                      0,                 4.4594,                 5.1907,                 4.1319,               0.084633,              0.0016327,              0.0016327
                      2,                 4.3294,                 4.9516,                 4.2325,                      0,                      0,                      0,                      0,                 4.4452,                 5.1826,                 4.1219,               0.076394,              0.0023941,              0.0023941
                      3,                 4.2834,                  4.969,                 4.2139,                      0,                      0,                      0,                      0,                 4.4358,                 5.1696,                 4.1125,               0.068084,              0.0030842,              0.0030842
                      4,                 4.2884,                 4.9469,                 4.2334,                      0,                      0,                      0,                      0,                 4.4289,                 5.1632,                 4.1059,               0.059703,               0.003703,               0.003703
