                  epoch,         train/box_loss,         train/cls_loss,         train/dfl_loss,   metrics/precision(B),      metrics/recall(B),       metrics/mAP50(B),    metrics/mAP50-95(B),           val/box_loss,           val/cls_loss,           val/dfl_loss,                 lr/pg0,                 lr/pg1,                 lr/pg2
                      0,                 4.4057,                 4.8999,                 4.3816,                      0,                      0,                      0,                      0,                 4.4698,                 4.9946,                 4.1464,                 0.0928,                 0.0008,                 0.0008
                      1,                 4.4635,                 4.8939,                 4.3586,                      0,                      0,                      0,                      0,                 4.4583,                 4.9791,                 4.1323,               0.084363,              0.0013634,              0.0013634
                      2,                 4.3021,                 4.8725,                 4.3203,                      0,                      0,                      0,                      0,                 4.4478,                 4.9704,                 4.1229,                0.07557,              0.0015704,              0.0015704
                      3,                  4.293,                 4.8627,                 4.2927,                      0,                      0,                      0,                      0,                 4.4398,                 4.9632,                 4.1139,               0.066421,               0.001421,               0.001421
                      4,                 4.3044,                 4.8486,                 4.2817,                      0,                      0,                      0,                      0,                 4.4324,                 4.9581,                 4.1074,               0.056915,              0.0009152,              0.0009152
